"Beef & Onion Pie",Feb-10,"Page 136","Meat"
"Creamy Ham, Leek & Mushroom Spaghetti",Feb-10,"Page 26","Meat"
"Curried mutton with rice & peas",Feb-10,"Page 128","Meat"
"Fruity Pork Steaks",Feb-10,"Page 22","Meat"
"Honey & Sesame Beef noodles",Feb-10,"Page 28","Meat"
"Lamb casserole with mint",Feb-10,"Page 88","Meat"
"Pork tenderloin with chipotle sauce",Feb-10,"Page 43","Meat"
"Proper beef, ale & mushroom pie",Feb-10,"Page 98","Meat"
"Ossobuco with risotto",Feb-10,"Page 88","Meat"
"Roast leg lamb with juniper & rosemary",Feb-10,"Page 92","Meat"
"Slow roasted pork belly & chicory",Feb-10,"Page 59","Meat"
"Sticky pineapple pork",Feb-10,"Page 22","Meat"
"Sticky thyme & mustard bacon chops",Feb-10,"Page 66","Meat"
"Beef, cheese & broad bean quesadillas",Apr-10,"Page 30","Meat"
"Beef massaman curry",Apr-10,"Page 118","Meat"
"Boston Baked beans",Apr-10,"Page 61","Meat"
"Cheesy cauliflower & bacon gratin",Apr-10,"Page 67","Meat"
"Creamy leek risotto with bacon",Apr-10,"Page 355","Meat"
"Pandhai curry with apple & fennel raita",Apr-10,"Page 147","Meat"
"Quick sausage stew",Apr-10,"Page 29","Meat"
"Red pepper, ham & cheese tart",Apr-10,"Page 36","Meat"
"Rib of beef with carrot & anise puree, braised shallots",Apr-10,"Page 151","Meat"
"Roast lamb studded with rosemary & garlic",Apr-10,"Page 96","Meat"
"Serrano ham, olive, feta & rocket platter",Apr-10,"Page 96","Meat"
"Breadcrumb pork with grilled aubergine",May-10,"Page 44","Meat"
"Caramalised red onion prosciutto & mushroom tart",May-10,"Page 113","Meat"
"Chinese braised pork with spring onions",May-10,"Page 69","Meat"
"Creamy sausage & rocket linguine",May-10,"Page 32","Meat"
"Ham & ricotta pizza",May-10,"Page 30","Meat"
"Ham, pea & mint pasties",May-10,"Page 62","Meat"
"Harissa lamb & pepper kebabs",May-10,"Page 34","Meat"
"Hummus",May-10,"Page 108","Meat"
"Keema with peas",May-10,"Page 61","Meat"
"Lamb & potato bake",May-10,"Page 28","Meat"
"Lamb, potato & pea curry",May-10,"Page 28","Meat"
"Potato bravas with choritzo",May-10,"Page 60","Meat"
"Roasted Old Spot pork loin on creamed leeks",May-10,"Page 150","Meat"
"Rump of lamb, kidney, shallot puree",May-10,"Page 120","Meat"
"Spaghetti & meatballs",May-10,"Page 39","Meat"
"Beaten loin of pork with artichoke & courgettes",Jun-10,"Page 114","Meat"
"Best chorizo & tomato salad in the world",Jun-10,"Page 67","Meat"
"Green bean minestrone",Jun-10,"Page 61","Meat"
"Hotdogs with sticky roasted onions",Jun-10,"Page 106","Meat"
"Lamb fricassee",Jun-10,"Page 68","Meat"
"Spiced barbecued lamb",Jun-10,"Page 94","Meat"
"Italian meatloaf",Jun-10,"Page 52","Meat"
"Italian pork patties",Jun-10,"Page 29","Meat"
"Italian toasties",Jun-10,"Page 29","Meat"
"Lamb chops with almond pesto",Jun-10,"Page 143","Meat"
"Mainated lamb steaks",Jun-10,"Page 38","Meat"
"Minestrone soup",Jun-10,"Page 143","Meat"
"Moroccan kofte with spicy tomato sauce",Jun-10,"Page 50","Meat"
"Pan fried veal fillet with wild mushrooms, asparagus
& wild garlic",Jun-10,"Page 112","Meat"
"Pitta pizza",Jun-10,"Page 33","Meat"
"Roast hogget",Jun-10,"Page 86","Meat"
"Greek style lamb with thyme & lemon",Jul-10,"Page 100","Meat"
"Lemon & rosemary pork with chickpea salad",Jul-10,"Page 39","Meat"
"Mini swedish meatballs with cranberry sauce",Jul-10,"Page 96","Meat"
"Miso steak",Jul-10,"Page 11","Meat"
"Picnic pie",Jul-10,"Page 52","Meat"
"Pork meatballs in red pepper sauce",Jul-10,"Page 31","Meat"
"Sausage & courgette kebabs ",Jul-10,"Page 59","Meat"
"Seared steak with chimichurri sauce",Jul-10,"Page 112","Meat"
"Sticky pork & radish noodles",Jul-10,"Page 28","Meat"
"Sticky sausage wraps",Jul-10,"Page 21","Meat"
"Summer lamb with fennel & carrot salad",Jul-10,"Page 355","Meat"
"Tartines with blue cheese fig & ham",Jul-10,"Page 97","Meat"
"Three-hour shoulder of lamb",Jul-10,"Page 108","Meat"
"Balsamic roasted sausages with red veg",Aug-10,"Page 35","Meat"
"Cheats carbonara",Aug-10,"Page 28","Meat"
"Cold meatloaf with squashed tomato salsa",Aug-10,"Page 96","Meat"
"Corn & ham chowder",Aug-10,"Page 28","Meat"
"Courgette, ham & ricotta tarts",Aug-10,"Page 28","Meat"
"Creamy linguine with ham, lemon & basil",Aug-10,"Page 118","Meat"
"Imam baylidi with BBQ lamb & tzatziki",Aug-10,"Page 65","Meat"
"Lamb & apricot burgers",Aug-10,"Page 28","Meat"
"Lamb & apricot meatballs",Aug-10,"Page 28","Meat"
"Mozarella & salami ciabatta",Aug-10,"Page 31","Meat"
"Puff pizza tart",Aug-10,"Page 46","Meat"
"Quiche larraine frittata",Aug-10,"Page 47","Meat"
"Rack lamb with warm salad & mixed beans",Aug-10,"Page 124","Meat"
"Slow roast pork with apples & peppers",Aug-10,"Page 100","Meat"
"Sticky ribs with roast potato salad",Aug-10,"Page 44","Meat"
"Tomato & chorizo acorda",Aug-10,"Page 143","Meat"
"Baked polenta with chilli-roasted tomatoes & sausages",Sep-10,"Page 143","Meat"
"Carne con chilli",Sep-10,"Page 64","Meat"
"Chorizo with sweet potato & chickpea puree",Sep-10,"Page 33","Meat"
"Classic Amatriciana bucatini",Sep-10,"Page 78","Meat"
"Greek lamb with potatoes & olives",Sep-10,"Page 112","Meat"
"Herb & lemon pork chops",Sep-10,"Page 90","Meat"
"Maple-glazed hot dogs with mustardy onions",Sep-10,"Page 28","Meat"
"Moroccan meatballs with eggs",Sep-10,"Page 112","Meat"
"One-pot roast pork chops with fennel & potatoes",Sep-10,"Page 24","Meat"
"Roast sirloin of beef & Port gravy",Sep-10,"Page 104","Meat"
"Sausage rolls",Sep-10,"Page 48","Meat"
"Smoky beef stew",Sep-10,"Page 48","Meat"
"Spiced lamb & coconut pilaf",Sep-10,"Page 30","Meat"
"Sweet potato, chickpea & choriz hash",Sep-10,"Page 33","Meat"
"All-day breakfeast",Oct-10,"Page 46","Meat"
"Big-batch Bolognese",Oct-10,"Page 47","Meat"
"Bolognese bake",Oct-10,"Page 47","Meat"
"Braised beef in honey & soy",Oct-10,"Page 126","Meat"
"Cottage pie",Oct-10,"Page 43","Meat"
"Croque Madame with spinach salad",Oct-10,"Page 32","Meat"
"French onion sausage pot",Oct-10,"Page 33","Meat"
"Indian lamb with spiced pumpkin pickle",Oct-10,"Page 59","Meat"
"Lamb pilaf with with figs, pomegranate, feta & pistachios",Oct-10,"Page 16","Meat"
"Lamb shanks braised in a yogurt sauce with basmati pilau withdill & cardamon",Oct-10,"Page 151","Meat"
"Lamb with harissa sauce",Oct-10,"Page 28","Meat"
"Moroccan mince",Oct-10,"Page 47","Meat"
"Oven-cooked breakfeast frittata",Oct-10,"Page 46","Meat"
"Pork & beef Bolognese",Oct-10,"Page 47","Meat"
"Quick steak & mushroom stroganoff",Oct-10,"Page 39","Meat"
"Red thai meatball curry",Oct-10,"Page 30","Meat"
"Sausage & bean one-pot",Oct-10,"Page 33","Meat"
"Spanish breakfeast",Oct-10,"Page 46","Meat"
"Spice-roasted lamb chops on a sweet potato bubble & squeak cake",Oct-10,"Page 128","Meat"
"Sticky spiced lamb shanks",Oct-10,"Page 112","Meat"
"Three-hour pork belly",Oct-10,"Page 102","Meat"
"Asian-marinated pork steaks with rice noodle salad",Dec-10,"Page 199","Meat"
"Cornish pasties",Dec-10,"Page 202","Meat"
"Extra special lamb biryani",Dec-10,"Page 81","Meat"
"Ginger beer & tgangerine glazed ham",Dec-10,"Page 105","Meat"
"Honey-mustard sausages with tomatoes & eggs",Dec-10,"Page 175 ","Meat"
"Pizza rustica all'Inglese",Dec-10,"Page 72","Meat"
"Roast fore rib of beef with beetroot & horseradish",Dec-10,"Page 85","Meat"
"Roast pork with apple sauce",Dec-10,"Page 131","Meat"
"Slow roast shoulder of lamb with roasted garlic & flageolet beans",Dec-10,"Page 205","Meat"
"Spiced Chinese pork with spring onions &bok choi",Dec-10,"Page 76","Meat"
"Bacon & egg tart",Jan-11,"Page 84","Meat"
"Beef stew with horseradish dumplings",Jan-11,"Page 55","Meat"
"Big ham salad",Jan-11,"Page 26","Meat"
"Bolognese bake",Jan-11,"Page 23","Meat"
"Easy beef with horseradish",Jan-11,"Page 27","Meat"
"Lamb tagine with quail's eggs",Jan-11,"Page 78","Meat"
"Lamb with thyme roasted potatoes",Jan-11,"Page 56","Meat"
"Pistachio & cranberry pork pie",Jan-11,"Page 50","Meat"
"Pork schnitzel",Jan-11,"Page 32","Meat"
"Saddle of hogget with dauphinoise potatoes",Jan-11,"Page 116","Meat"
"Sausage, apple & leek pie",Jan-11,"Page 28","Meat"
"Spicy mini meatloaves",Jan-11,"Page 40","Meat"
"Split pea & green pea smoked ham soup",Jan-11,"Page 53","Meat"
"Sticky pork with cranberries",Jan-11,"Page 27","Meat"
"Tandori lamb skewers",Jan-11,"Page 32","Meat"
"Bean & pasta stew with meatballs",Mar-11,"Page 42","Meat"
"Cabbage & pork empanadas",Mar-11,"Page 63","Meat"
"Cavolo nerao & pancetta tart",Mar-11,"Page 64","Meat"
"Cheeseburgers",Mar-11,"Page 106","Meat"
"Cornmeal pancakes with spiced pork & avocado salsa",Mar-11,"Page 98","Meat"
"Crispy mongolian lamb",Mar-11,"Page 116","Meat"
"Croque Madame",Mar-11,"Page 22","Meat"
"Egg-free cheese & bacon quiche",Mar-11,"Page 54","Meat"
"Greek lamb tray bake",Mar-11,"Page 42","Meat"
"Grilled pork with lemon & thyme barley",Mar-11,"Page 47","Meat"
"Minced beef wellington",Mar-11,"Page 118","Meat"
"Naan bread pizza",Mar-11,"Page 28","Meat"
"Oven-baked leek & bacon risotto",Mar-11,"Page 42","Meat"
"Pizza frittata",Mar-11,"Page 33","Meat"
"Pork & noodle stir-fry",Mar-11,"Page 24","Meat"
"Quick italian toastie",Mar-11,"Page 22","Meat"
"Quick sausage subs",Mar-11,"Page 28","Meat"
"Ricotta, proscuitto & pesto pizza",Mar-11,"Page 102","Meat"
"Roast pork belly with two sauces",Mar-11,"Page 72","Meat"
"Roast rack of lamb in irish stew consomme",Mar-11,"Page 134","Meat"
"Sausage casserole",Mar-11,"Page 28","Meat"
"Sausage meatballs wraps",Mar-11,"Page 28","Meat"
"Ultimate Shepherd's pie",Mar-11,"Page 50","Meat"
"Wild boar sausages with red onion & rustic mash",Mar-11,"Page 133","Meat"
"Bacon, spinach & gorgonzola pasta",Apr-11,"Page 40","Meat"
"Beef with peppercorn sauce & saute potatoes",Apr-11,"Page 32","Meat"
"Chilli bean bake with soured cream mash",Apr-11,"Page 136","Meat"
"Country terrine",Apr-11,"Page 138","Meat"
"Garlic & herb roast lamb on boulangere potatoes",Apr-11,"Page 120","Meat"
"Ham, artichoke & basil risotto",Apr-11,"Page 53","Meat"
"Hotdog pasties with sticky onions",Apr-11,"Page 33","Meat"
"Lentil & lamb moussaka",Apr-11,"Page 40","Meat"
"Meatballs with spaghetti",Apr-11,"Page 74","Meat"
"Mediterranean vegetables with lamb",Apr-11,"Page 52","Meat"
"Mini sausage croissants",Apr-11,"Page 124","Meat"
"Pesto, ham & rocket pizza",Apr-11,"Page 32","Meat"
"Pork chop with asparagus, piquillo peppers & potatoes",Apr-11,"Page 160","Meat"
"Sirloin with spiced butter, shallot salad & roasted carrot",Apr-11,"Page 130","Meat"
"Gammon, egg & chips",May-11,"Page 26","Meat"
"Lentil & sausage casserole",May-11,"Page 52","Meat"
"Ham & red onion salad",May-11,"Page 66","Meat"
"Bacon & eggs on toast",May-11,"Page 42","Meat"
"Braised shoulder of lamb ",May-11,"Page 109","Meat"
"Honey & za'atar-glazed spring lamb with garlic puree",May-11,"Page 144","Meat"
"Indian minced lamb skewers",May-11,"Page 30","Meat"
"Jamie's jerk lamb",May-11,"Page 80","Meat"
"John Torode's big burger",May-11,"Page 98","Meat"
"Meatballs",May-11,"Page 28","Meat"
"Minced lamb filo tarts",May-11,"Page 11","Meat"
"Mini prosciutto & asparagus frittatas",May-11,"Page 147","Meat"
"Mozzarella & chilli meatballs calzone",May-11,"Page 30","Meat"
"Mushroom & sausage pasta",May-11,"Page 27","Meat"
"Pesto, mozzarella & parma ham calzone",May-11,"Page 30","Meat"
"Rabbit with mustard & bacon",May-11,"Page 128","Meat"
"Roast loin of pork with sage & onion",May-11,"Page 118","Meat"
"Roasted sirloin of beef with salsa verde",May-11,"Page 100","Meat"
"Stir-fied lamb with peppers",May-11,"Page 50","Meat"
"Sauasage, bean & cheese pasties",May-11,"Page 114","Meat"
"Bacon wrapped chicken drumsticks",Jun-11,"Page 70","Meat"
"Baked courgettes stuffed with spiced lamb & tomato sauce",Jun-11,"Page 67","Meat"
"Beef cannelloni",Jun-11,"Page 118","Meat"
"Beef schnitzel",Jun-11,"Page 45","Meat"
"Cheese & ham quesadillas",Jun-11,"Page 47","Meat"
"Club sandwich",Jun-11,"Page 30","Meat"
"Courgette, lemon & chilli tagliatlle",Jun-11,"Page 38","Meat"
"Jamie's flash steak",Jun-11,"Page 76","Meat"
"Lamb chops with red pepper & mint salsa",Jun-11,"Page 91","Meat"
"Mini pork pies",Jun-11,"Page 70","Meat"
"Paprika glazed ribs with spicy slaw",Jun-11,"Page 143","Meat"
"Parsee-styled lamb cutlets with tomato gravy",Jun-11,"Page 146","Meat"
"Pork & sage sausage rolls",Jun-11,"Page 154","Meat"
"Sausage with quick onion gravy",Jun-11,"Page 26","Meat"
"Sticky sausage baguettes",Jun-11,"Page 26","Meat"
"The ultimate burger",Jun-11,"Page 56","Meat"
"Veal chops with sage & creamy squash polenta",Jun-11,"Page 114","Meat"
"Beef & black been skewers",Jul-11,"Page 26","Meat"
"Barbecue lamb & courgette salad",Jul-11,"Page 76","Meat"
"Barbecued lamb with mint dressing",Jul-11,"Page 120","Meat"
"Barbecued fajita steak",Jul-11,"Page 106","Meat"
"Barbecued lamb cutlets with aioli",Jul-11,"Page 110","Meat"
"Barbecued sticky Chinese pork chops",Jul-11,"Page 74","Meat"
"Fettucine with beans & pancetta",Jul-11,"Page 94","Meat"
"Five-spice beef & sugar snap noodles",Jul-11,"Page 34","Meat"
"Indian spiced Shepherd's pie",Jul-11,"Page 28","Meat"
"Macaroni 4 cheese with bacon & tomatoes",Jul-11,"Page 139","Meat"
"Moroccan style barbecued leg of lamb",Jul-11,"Page 15","Meat"
"Rosemary & garlic lamb burgers",Jul-11,"Page 116","Meat"
"Scotch eggs",Jul-11,"Page 112","Meat"
"Serrano ham & chicken croquettes",Jul-11,"Page 111","Meat"
"The ultimate makeover sausage rolls",Jul-11,"Page 54","Meat"
"Chorizo & fried egg wraps",Aug-11,"Page 37","Meat"
"Chorizo, Caper & rocket pizza",Aug-11,"Page 37","Meat"
"Chorizo rolls",Aug-11,"Page 102","Meat"
"Frazzled chorizo & rocket linguine",Aug-11,"Page 37","Meat"
"Fruity lamb kebabs with chili mayo",Aug-11,"Page 26","Meat"
"Griddled steak sandwich with olive & caper butter",Aug-11,"Page 28","Meat"
"Ham & asparagus toad-in-the-hole",Aug-11,"Page 24","Meat"
"Lamb & potato bake",Aug-11,"Page 78","Meat"
"Lamb steaks with artichoke salad",Aug-11,"Page 28","Meat"
"Lavender roast leg of lamb kebabs ",Aug-11,"Page 76","Meat"
"Lemon & rosemary lamb kebabswith tahini aubergines",Aug-11,"Page 78","Meat"
"Morrocan-flavoured pasties",Aug-11,"Page 107","Meat"
"My BBQ ribs",Aug-11,"Page 116","Meat"
"Pat's pork & apricot picnic pies",Aug-11,"Page 120","Meat"
"Skinny pepper, tomato & ham omelette",Aug-11,"Page 44","Meat"
"Small, spicy Moorish kebabs",Aug-11,"Page 93","Meat"
"Stuffed pork medallions",Aug-11,"Page 88","Meat"
"Surf & turf",Aug-11,"Page 29","Meat"
"Texas barbecue brisket",Aug-11,"Page 98","Meat"
"Thyme & onion burgers",Aug-11,"Page 117","Meat"
