"Cajun turkey steaks with pineapple salsa",Feb-10,"Page 26","Poultry & Game"
"Chicken Curry",Feb-10,"Page 129","Poultry & Game"
"Chicken Laksa",Feb-10,"Page 13","Poultry & Game"
"Chicken, lentil % sweetcorn chowder",Feb-10,"Page 25","Poultry & Game"
"Chicken Noodle Broth",Feb-10,"Page 17","Poultry & Game"
"Ginger & Lime chicken with sweet potato mash",Feb-10,"Page 27","Poultry & Game"
"Homemade chicken nachos",Feb-10,"Page 44","Poultry & Game"
"Mango chicken with spiced pilau",Feb-10,"Page 24","Poultry & Game"
"Pan-roasted loin venison with Rosti potato",Feb-10,"Page 135","Poultry & Game"
"Pot-roasted pheasant",Feb-10,"Page 106","Poultry & Game"
"Roast chicken with salsa & garlic mash",Feb-10,"Page 78","Poultry & Game"
"Roasted duck breast with plum sauce",Feb-10,"Page 83","Poultry & Game"
"Spice-crusted rice with Morroccan chicken",Feb-10,"Page 135","Poultry & Game"
"Warm chicken & chicory salad",Feb-10,"Page 58","Poultry & Game"
"Cheesy chicken bake ",Apr-10,"Page 30","Poultry & Game"
"Grilled spiced chicken",Apr-10,"Page 36","Poultry & Game"
"Herb roast chicken",Apr-10,"Page 104","Poultry & Game"
"Roast & marinated quail",Apr-10,"Page 122","Poultry & Game"
"Roasted spiced duck & plum sauce",Apr-10,"Page 145","Poultry & Game"
"Spanish beans with chicken & chorizo",Apr-10,"Page 64","Poultry & Game"
"Yogurt & almond chicken curry",Apr-10,"Page 120","Poultry & Game"
"Cheat's chicken kiev",May-10,"Page 30","Poultry & Game"
"Chicken & sweetcorn pie",May-10,"Page 53","Poultry & Game"
"Crunchy & creamy pasta bake",May-10,"Page 30","Poultry & Game"
"Crunchy sesame chicken wings",May-10,"Page 18","Poultry & Game"
"Leek & fennel roast chicken",May-10,"Page 149","Poultry & Game"
"Roast chicken with whole garlic, bay & white wine",May-10,"Page 64","Poultry & Game"
"Salt & pepper quails",May-10,"Page 104","Poultry & Game"
"Chicken kebabs",May-10,"Page 108","Poultry & Game"
"Sticky tamari & honey chicken thighs",May-10,"Page 12","Poultry & Game"
"Sweet & sticky chicken noodles",May-10,"Page 54","Poultry & Game"
"All in one chicken",Jun-10,"Page 60","Poultry & Game"
"Cajun turkey wraps with sweetcorn salsa",Jun-10,"Page 28","Poultry & Game"
"French style chicken with peas & bacon",Jun-10,"Page 35","Poultry & Game"
"Honey slow roasted duck",Jun-10,"Page 138","Poultry & Game"
"Lemon & thyme turkey burgers",Jun-10,"Page 52","Poultry & Game"
"Lime & pepper chicken wraps",Jun-10,"Page 20","Poultry & Game"
"Mexican chicken stew",Jun-10,"Page 40","Poultry & Game"
"Rosemary chicken with oven baked ratatouille",Jun-10,"Page 31","Poultry & Game"
"Spiced chicken & salad burrito",Jun-10,"Page 146","Poultry & Game"
"Southern fried chicken",Jun-10,"Page 104","Poultry & Game"
"Coronation chicken",Jun-10,"Page 120","Poultry & Game"
"Turkey meatball korma",Jun-10,"Page 39","Poultry & Game"
"Chicken masala skewers",Jul-10,"Page 42","Poultry & Game"
"Chicken wings with cumin.lemon & garlic",Jul-10,"Page 96","Poultry & Game"
"Grilled marinated poussin  ",Jul-10,"Page 153","Poultry & Game"
"Honeyed sesame chicken with peach & cucumber salad",Jul-10,"Page 138","Poultry & Game"
"Paprika chicken ciabattas",Jul-10,"Page 27","Poultry & Game"
"Roast chicken vinaigrette",Jul-10,"Page 108","Poultry & Game"
"Summer chicken & basil stew",Jul-10,"Page 36","Poultry & Game"
"Wild rabbit & leek turnovers with picallili",Jul-10,"Page 146","Poultry & Game"
"BBQ chicken burgers",Aug-10,"Page 49","Poultry & Game"
"Chiaquilles in mulato chilli sauce",Aug-10,"Page 14","Poultry & Game"
"Chicken kievs",Aug-10,"Page 38","Poultry & Game"
"Chicken paprikas & herby polenta",Aug-10,"Page 143","Poultry & Game"
"Chicken tagine with preserved lemons & olives",Aug-10,"Page 143","Poultry & Game"
"Chilli chicken with coriander",Aug-10,"Page 146","Poultry & Game"
"Duck ramen noodles",Aug-10,"Page 145","Poultry & Game"
"Herby lemon chicken with tuscan beans",Aug-10,"Page 98","Poultry & Game"
"Satay chicken pieces",Aug-10,"Page 92","Poultry & Game"
"Chicken & vegetable stew with wholemeal couscous",Sep-10,"Page 39","Poultry & Game"
"Chicken pot pie",Sep-10,"Page 143","Poultry & Game"
"Chicken, potato & green bean curry",Sep-10,"Page 26","Poultry & Game"
"Chicken salad with crisp bacon",Sep-10,"Page 112","Poultry & Game"
"Chicken with pesto, Taleggio & roasted tomatoes",Sep-10,"Page 14","Poultry & Game"
"Chipotle chicken",Sep-10,"Page 9","Poultry & Game"
"Jerk chicken",Sep-10,"Page 62","Poultry & Game"
"One-pot chicken & bacon stew",Sep-10,"Page 43","Poultry & Game"
"Roast wood pigeon salad with pears, hazelnuts, chicory & gin vinaigrette",Sep-10,"Page 140","Poultry & Game"
"Summer chicken one-pot",Sep-10,"Page 24","Poultry & Game"
"Turkey & pepper pittas",Sep-10,"Page 38","Poultry & Game"
"BBQ chicken with corn rice",Oct-10,"Page 34","Poultry & Game"
"Caesar turkey burgersw",Oct-10,"Page 41","Poultry & Game"
"Chicken and leek pies",Oct-10,"Page 38","Poultry & Game"
"Chicken curry",Oct-10,"Page 46","Poultry & Game"
"Chicken pie with a carrot thatch",Oct-10,"Page 52","Poultry & Game"
"Chicken tikka masala",Oct-10,"Page 130","Poultry & Game"
"Chicken with roasted roots",Oct-10,"Page 47","Poultry & Game"
"Chinese roast duck with pancakes",Oct-10,"Page 114","Poultry & Game"
"Creamy pesto chicken",Oct-10,"Page 34","Poultry & Game"
"Duck & spring onion noodles",Oct-10,"Page 118","Poultry & Game"
"Mediterranean chicken",Oct-10,"Page 47","Poultry & Game"
"Moroccan  chicken with sweet potato mash",Oct-10,"Page 28","Poultry & Game"
"One-pan roast dinner",Oct-10,"Page 47","Poultry & Game"
"Pheasant, leek & bacon pie",Oct-10,"Page 82","Poultry & Game"
"Rabbit cacciatore",Oct-10,"Page 82","Poultry & Game"
"Spiced roast chkcen",Oct-10,"Page 47","Poultry & Game"
"Venison steak with Port sauce",Oct-10,"Page 82","Poultry & Game"
"Butter-roasted supreme of chicken with wild mushroom & potato gratin",Dec-10,"Page 112","Poultry & Game"
"Goose & mustard fruits with Marsala sauce",Dec-10,"Page 74","Poultry & Game"
"Honey-mustard glazed duck",Dec-10,"Page 98","Poultry & Game"
"Mini turkey & cranberry pies",Dec-10,"Page 194","Poultry & Game"
"Roasted poussins with bulghar stuffing & pistachio & orange blossom glaze",Dec-10,"Page 78","Poultry & Game"
"Roast loin of venison with candied vegetables & truffle celeriac puree",Dec-10,"Page 201","Poultry & Game"
"Roast turkey with citrus butter",Dec-10,"Page 36","Poultry & Game"
"Speedy spicy turkey rice",Dec-10,"Page 194","Poultry & Game"
"Braised chicken wings with seared scallops & hazelnuts",Jan-11,"Page 116","Poultry & Game"
"Chicken & almond bastilla",Jan-11,"Page 80","Poultry & Game"
"Creamy ham & mustard chicken",Jan-11,"Page 40","Poultry & Game"
"Garlicy venison with grilled pears",Jan-11,"Page 119","Poultry & Game"
"Poule au pot with stuffing balls & garlic cream",Jan-11,"Page 72","Poultry & Game"
"Festive duck breast with lemon & thyme polenta",Jan-11,"Page 121","Poultry & Game"
"Roasted pigeon, pommes mousseline, pancetta with peas",Jan-11,"Page 122","Poultry & Game"
"Chicken & bacon cacciatore",Mar-11,"Page 106","Poultry & Game"
"Chicken with sweet wine & garlic",Mar-11,"Page 15","Poultry & Game"
"Harissa chicken & couscous",Mar-11,"Page 33","Poultry & Game"
"Honey, mustard & cr√®me fraiche baked chicken",Mar-11,"Page 22","Poultry & Game"
"Indian wings",Mar-11,"Page 26","Poultry & Game"
"Pot-roast guinea fowl with cabbage & bacon",Mar-11,"Page 61","Poultry & Game"
"Sweet & sticky wings with classic slaw",Mar-11,"Page 26","Poultry & Game"
"Bang bang sesame chicken",Apr-11,"Page 30","Poultry & Game"
"Cajun turkey burgers",Apr-11,"Page 30","Poultry & Game"
"Chicken & chorizo jambalaya",Apr-11,"Page 30","Poultry & Game"
"Chicken & biryani bake",Apr-11,"Page 136","Poultry & Game"
"Chicken braised with fennel & brandy",Apr-11,"Page 18","Poultry & Game"
"Chicken caesar wraps",Apr-11,"Page 32","Poultry & Game"
"Chicken fajitas",Apr-11,"Page 30","Poultry & Game"
"Chicken with greens & tarragon",Apr-11,"Page 28","Poultry & Game"
"Coronation pies",Apr-11,"Page 124","Poultry & Game"
"Lilli's chicken kiev with cucumber & spring onion salad",Apr-11,"Page 153","Poultry & Game"
"Mexican turkey salad bowl",Apr-11,"Page 32","Poultry & Game"
"Oriental duck salad",Apr-11,"Page 38","Poultry & Game"
"Spicy cajun chicken quinoa",Apr-11,"Page 50","Poultry & Game"
"Sticky lime roast chicken",Apr-11,"Page 114","Poultry & Game"
"Sweet & sour chicken & veg",Apr-11,"Page 40","Poultry & Game"
"Aztec Molcajete",May-11,"Page 144","Poultry & Game"
"Chicken & mushroom chow mein",May-11,"Page 147","Poultry & Game"
"Chicken parmigiana",May-11,"Page 24","Poultry & Game"
"Curry spiced chicken with a tartare of peas",May-11,"Page 62","Poultry & Game"
"Lemony turkey kebabs",May-11,"Page 50","Poultry & Game"
"Pan roasted duck with carrot & plum puree",May-11,"Page 143","Poultry & Game"
"Satay skewers",May-11,"Page 55","Poultry & Game"
"Tarragon chicken with celeriac mash",May-11,"Page 51","Poultry & Game"
"Turkey burgers",May-11,"Page 30","Poultry & Game"
"Turkey laksa",May-11,"Page 55","Poultry & Game"
"BBQ Chicken Drumsticks",Jun-11,"Page 28","Poultry & Game"
"Chicken breast with avocado salad",Jun-11,"Page 52","Poultry & Game"
"Chicken stuffed with mascarpone",Jun-11,"Page 32","Poultry & Game"
"Chicken, sweetcorn & noodle soup",Jun-11,"Page 118","Poultry & Game"
"Chicken with artichokes, onions, potatoes & rosemary",Jun-11,"Page 141","Poultry & Game"
"Chicken with lemons, sumac & spiced yogurt",Jun-11,"Page 110","Poultry & Game"
"Summer chicken one-pot",Jun-11,"Page 26","Poultry & Game"
"Thai sticky chicken & ribs",Jun-11,"Page 94","Poultry & Game"
"Chicken & ham sandwich pies",Jul-11,"Page 79","Poultry & Game"
"Harissa chicken with ckickpeas salad",Jul-11,"Page 24","Poultry & Game"
"Jerk chicken kebabs with mango salsa",Jul-11,"Page 47","Poultry & Game"
"Lemon, broccoli & sesame roast chicken",Jul-11,"Page 38","Poultry & Game"
"Moroccan turkey jackets",Jul-11,"Page 30","Poultry & Game"
"Morrocan turkey meatballs with citrus couscous",Jul-11,"Page 30","Poultry & Game"
"One-pan roast chicken & potatoes",Jul-11,"Page 76","Poultry & Game"
"Spatchcocked chicken with soft cheese & basil",Jul-11,"Page 102","Poultry & Game"
"Sweet & sour chicken skewers",Jul-11,"Page  26","Poultry & Game"
"Swwet & spicy wings with a summer slaw",Jul-11,"Page 29","Poultry & Game"
"Chicken & pasta salad",Aug-11,"Page 26","Poultry & Game"
"Chicken with crispy param ham",Aug-11,"Page 27","Poultry & Game"
"Coq au vin",Aug-11,"Page 135","Poultry & Game"
"Fruity couscous & spiced quail",Aug-11,"Page 65","Poultry & Game"
"Red rice & chicken salad with pomegranate & feta",Aug-11,"Page 66","Poultry & Game"
"squash, chicken & couscous one-pot",Aug-11,"Page 48","Poultry & Game"
